Report_title,Date_published,URL,Report_description,USD_value,%_val
"Chatbot Market by Component, Type (Rule Based & AI Based), Application (Customer Service, Customer Engagement & Retention), Channel Integration, Business Function (ITSM, Finance), Vertical, and Region - Global Forecast to 2026","
March 2021
",/Market-Reports/smart-advisor-market-72302363.html,"The Chatbot Market is expected to grow from USD 2.9 billion in 2020 to USD 10.5 billion by 2026, at a CAGR of 23.5% during the forecast period. Major vendors in the chatbot market include IBM (US), Microsoft (US), Google (US), AWS (US), Nuance (US), Oracle (US), Creative Virtual (UK), Artificial Solutions (Spain), Kore.ai (US), Inbenta (US), [24]7.AI (US), Aivo (Argentina) ServiceNow (US), Conversica (US), Personetics (US), LiveChat (Poland), MindMeld (US), CogniCor (US), Gupshup (US), Contus (India), Chatfuel (US), KeyReply (Singapore), SmartBots (US), Yellow Messenger (India), Kevit (India), Yekaliva (India), and Pypestream (US). These chatbot vendors have adopted various organic and inorganic strategies to sustain their positions and increase their market shares in the global chatbot market.",$ 4950,23.50%
"Green Data Center Market by Component (Solutions [Power, IT, Cooling] and Services [Design and Consulting, Maintenance and Support, Installation and Deployment]), Data Center Size (Small and Mid-sized, Large), Vertical, and Region -Global Forecast to 2026","
March 2021
",/Market-Reports/green-data-center-gdc-market-1032.html,"The green data center market is expected to grow from USD 49.2 billion in 2020 to USD 140.3 billion by 2026, at a compound annual growth rate (CAGR) of 19.1% during the forecast period.Schneider Electric (France), Vertiv (US), Hewlett Packard Enterprise (US), Green Revolution Cooling (US), Midas Green Technologies (US), Delta Electronics (Taiwan), Rittal (Germany), Eaton (Ireland), Cisco (US), Nortek Air Solutions (US), Dell Technologies (US), Asetek (Denmark), Airedale (UK),Lenovo (Hong Kong), Fujitsu (Japan), Cyber Power Systems (US), Super Micro (US), Tripp Lite (US), Inspur (China), CDP Energy (US), Bxterra Power Technology (US), ZutaCore(US), Submer (Spain), DCX The Liquid Cooling Company (Poland), and Liqit.io (Ukrain).",$ 4950,19.10%
"Simulation Software Market by Component (Software (FEA, CFD), Services), Deployment (Cloud, On-premises), Application (Product Engineering, R&D, and Gamification), Vertical (Automobile, Healthcare and Pharmaceuticals), and Region - Global Forecast to 2026","
March 2021
",/Market-Reports/simulation-software-market-263646018.html,"The global simulation software market size is expected to grow from USD 12.7 billion in 2020 to USD 26.9 billion by 2026, at a Compound Annual Growth Rate (CAGR) of 13.2% during the forecast period. Major vendors in the global Simulation Software market include MathWorks (US), Autodesk (US), Ansys (US), Siemens AG (Germany), PTC (US), Dassault Systemes (France), Altair Engineering (US), MSC Software (US), Honeywell (US), Keysight Technologies (US), Aveva (UK), Spirent Communications (UK), Bentley Systems (US), Synopsys (Canada), AVL List GmbH (Austria), COMSOL (England), Certara (US), CAE (Presagis (Canada)), aPriori (US), PTV Group (Germany), AnyLogic (US), SimScale (Germany), Scalable Networks (US), Simul8 Corporation (UK), FlexSim (US), MOSIMTEC (US), Simio (US), ProSim (US), Cybernet (US), and Cesim (Finland).",$ 4950,13.20%
"Enterprise Architecture Tools Market by Component (Solutions and Services (Managed Services and Professional Services)), Deployment Type, Organization Size, Vertical (BFSI, IT, Manufacturing), and Region - Global Forecast to 2026","
March 2021
",/Market-Reports/enterprise-architecture-tools-market-147467618.html,"The global Enterprise architecture tools market size is expected to grow from USD 989 million in 2020 to USD 1,283 million by 2026, at a Compound Annual Growth Rate (CAGR) of 4.4% during the forecast period. The enterprise architecture tools market comprises major providers, such as Software AG (Germany), Avolution (Australia), BiZZdesign (Netherlands), MEGA International (France), BOC Group (US), Orbus Software (UK), QualiWare (Denmark), Leanix (Germany), erwin (US), Sparx Systems (Australia), ValueBlue (Netherlands), UNICOM Global (US), Clausmark (Germany), Enterprise Architecture Solutions (UK), Planview (US), MonoFor (US), Valispace (Portugal), FIOS Insight (US), Aplas (Australia), NinjaRMM (US), CodeLogic (US), BetterCloud (US), Ardoq (Norway), Facility Planning Arts (US), and Keboola (US).The study includes an in-depth competitive analysis of key players in the enterprise architecture tools market with their company profiles, recent developments, COVID-19 developments, and key market strategies.",$ 4950,4.40%
"Wi-Fi Market by Component (Hardware, Solution, and Services), Density (High-density Wi-Fi and Enterprise-class Wi-Fi), Location Type (Indoor and Outdoor), Organization Size, Vertical (Education, Retail and eCommerce), and Region - Global Forecast to 2026","
March 2021
",/Market-Reports/global-wi-fi-market-994.html,"The global Wi-Fi market size is projected to grow from USD 9.4 billion in 2020 to USD 25.2 billion by 2026, at a Compound Annual Growth Rate (CAGR) of 17.8 % during the forecast period. Major vendors in the global Wi-Fi market include Cisco (US), Ericsson (Sweden), Extreme Networks (US), Huawei (China), Juniper Networks (US), Panasonic (Japan), Fortinet (US), NETGEAR (US), Aruba (US), Alcatel-Lucent Enterprise (France), D-Link (Taiwan), Broadcom (US), Airtel (India), Orange Business Services (France), Comcast Business (US), Vodafone (UK), Telstra (Australia), Fujitsu (Japan), AT&T (US), Lever Technology Group (UK), Redway Networks (Buckinghamshire), Ubiquiti Networks (US), iPass (US), Superloop (Australia), Cambium Networks (US), CASA Systems (US), Fon (Spain).",$ 4950,17.80%
"Enterprise Mobility Management Market by Component, Solution (Mobile Device Management, Mobile Application Management), Deployment Mode, Organization Size, Vertical (BFSI, Manufacturing), and Region - Global Forecast to 2026","
March 2021
",/Market-Reports/enterprise-mobility-management-market-31847012.html,"The Enterprise Mobility Management Market is expected to grow from USD 16.6 billion in 2020 to USD 63.6 billion by 2026, at a CAGR of 25.1% during the forecast period. The major vendors offering EMM solutions are IBM (US), Microsoft(US), Cisco (US), BlackBerry (Canada), VMware(US), SAP (Germany), Citrix (US), Matrix42(Germany), MobileIron (US), Nationsky (China), Snow Software(Sweden), Sophos (UK), SOTI (Canada), Codeproof (US), Netplus Mobility (US), Hexnode (US), ManageEngine(US), Miradore (Finland), Quest Software (US), Ivanti(US), Scalefusion (India), 42Gears Mobility Systems(India), Social Mobile (US), AppTech (Switzerland), and Jamf (US).",$ 5650,25.10%
"Blockchain IoT Market by Component (Hardware (IoT Sensors & Crypto-Wallets), Software and Platform, and Services), Application (Smart Contract, Security, and Asset Tracking and Management), Organization Size, Vertical, and Region - Global Forecast to 2026","
February 2021
",/Market-Reports/blockchain-iot-market-168941858.html,"The global blockchain IoT market size is projected to grow from USD 258 million in 2020 to USD 2,409 million by 2026, at a Compound Annual Growth Rate (CAGR) of 45.1% during the forecast period. Key and innovative vendors in the Blockchain IoT market include IBM (US), Microsoft (US), Intel (US), Amazon Web Services (US), Huawei (China), Cisco (US), SAP (Germany), Ethereum Foundation (Switzerland), The Linux Foundation (US), R3 (US), Arctouch (US), Waltonchain (China), Helium (US), Factom (US), HYPR (US), Chronicled (US), KrypC (India), IoTeX (Singapore), Discovery (Malta), Iota (Germany), Atonomi (US), Xage (US), Ambrosus (Estonia), NetObjex (US), and Grid+ (US).",$ 5650,45.10%
"Enterprise Asset Management Market by Application, Component, Organization Size, Deployment Model, Vertical (Energy and Utilities, Government and Public Sector, Manufacturing, Transportation and Logistics), and Region - Global Forecast to 2026","
February 2021
",/Market-Reports/enterprise-asset-management-market-54576143.html,"The global EAM market is expected to grow from USD 3.3 billion in 2020 to USD 5.5 billion by 2026, at a compound annual growth rate (CAGR) of 8.7% during the forecast period. IBM (US), SAP (Germany), Oracle (US), Infor (US), IFS (Sweden), ABB (Switzerland), Intelligent Process Solutions (Germany), Maintenance Connection (US), Aveva (UK), Aptean (US), Emanit (US), CGI (Canada), Rfgen Software (US), Assetworks (US), Ultimo Software Solutions (UK), UpKeep (US)",$ 4950,8.70%
"Automotive Ethernet Market by Component (Hardware, Software, and Services), Type, Bandwidth, Application, Vehicle Type (Passenger Cars, Commercial Vehicles, and Farming and Off-highway Vehicles), and Region - Global Forecast to 2026","
February 2021
",/Market-Reports/automotive-ethernet-market-103704247.html,"The Automotive Ethernet Market is expected to grow from USD 1.8 billion in 2020 to USD 5.6 billion by 2026, at a CAGR of 20.9% during the forecast period. Key and emerging market players include Broadcom (US), NXP Semiconductors N.V. (Netherlands), Marvell (Bermuda), Microchip Technology Inc. (US), Vector Informatik GmbH (Germany), System-on-Chip Engineering S.L. (Spain), Molex, LLC (US), Texas Instruments (US), Cadence Design Systems, Inc. (US), TTTech Auto AG (Austria), Excelfore (US), DASAN Networks, Inc. (South Korea), ACTIA Group (France), NEXCOM International Co., Ltd. (Taiwan), AllGo Embedded Systems Pvt. Ltd. (India), Spirent Communications (UK), Keysight Technologies (US), Aukua Systems Inc (US), Intrepid Control Systems (US), RUETZ SYSTEM SOLUTIONS GMBH (Germany), TSN Systems GmbH (Germany), Xena Networks (Denmark), TEKTRONIX, INC (US), Rohde & Schwarz (Germany), and Realtek Semiconductor Corp. (Taiwan).",$ 4950,20.90%
"Zero Trust Security Market by Solution Type (Data Security, Endpoint Security, API Security, Security Analytics, Security Policy Management), Deployment Type, Authentication Type, Organization Size, Vertical, and Region - Global Forecast to 2026","
February 2021
",/Market-Reports/zero-trust-security-market-2782835.html,"The Zero Trust Security Market is expected to grow from USD 19.6 billion in 2020 to USD 51.6 billion by 2026, at a CAGR of 17.4% during the forecast period. The major vendors covered in the zero trust security market include Cisco Systems Inc. (US), Akamai Technologies, Inc. (US), Palo Alto Networks, Inc. (US), Symantec Corporation (US), Okta, Inc. (US), Forcepoint, LLC (US), Centrify Corporation (US), Cyxtera Technologies (US), Illumio (US), Sophos Group Plc (UK), Google LLC (US), Microsoft, Inc. (US), VMware Inc. (US), Trend Micro Incorporated (Japan), Cloudflare (US), IBM Corporation (US), Fortinet (US), Check Point Software Technologies Ltd. (US), Pulse Secure, LLC (US), and ON2IT (Netherlands).",$ 4950,17.40%
"Event Management Software Market by Component (Software (Event Registration and Ticketing, Content Management) and Services), Deployment Type, Organization Size, End User (Event Organizers and Planners, Government), and Region - Global Forecast to 2026","
February 2021
",/Market-Reports/event-management-software-market-136859992.html,"The global event management software market size is expected to reach USD 6.4 billion by 2026, at a Compound Annual Growth Rate (CAGR) of 10.0% during the forecast period. The event management software market is dominated by companies such as Cvent (US), Aventri (US), Eventbrite (US), XING Events (Germany), Ungerboeck Software (US), Bizzabo (US), Certain (US), Attendify (US), RainFocus (US), ACTIVE Networks (US), Eventzilla (US), Meeting Evolution (US), EventMobi (Canada), Zoho Corporation (India), Regpack (US), EventBooking (US), Bitrix24 (US), Arlo (UK), WebMobi (US), Tripleseat (US). Hubilo (US), Circa (US), Hubb (US), Accelevents (US), Glue Up (US), idloom (Belgium), Eventdex (US), Event Temple (Canada), eventuosity (US), and Whova (US). These vendors have a large customer base and strong geographic footprint along with organized distribution channels, which helps them to increase revenues.",$ 4950,10.00%
"5G Industrial IOT Market by Component (Hardware, Solutions, and Services), Organization Size, Application (Predictive Maintenance, Business Process Optimization), End User (Process Industries and Discrete Industries) and Region - Global Forecast to 2026","
February 2021
",/Market-Reports/5g-industrial-iot-market-258071167.html,"The 5G Industrial IOT Market is expected to grow from USD 0.5 billion in 2020 to USD 15.7 billion by 2026, at a CAGR of 79.1% during the forecast period. Major vendors operating in the 5G INDUSTRIAL IOT market include Qualcomm Technologies, Inc. (Qualcomm), Ericsson (Ericsson), Nokia (Nokia), Huawei Technologies Co., Ltd. (Huawei), Cisco Systems (Cisco), AT&T (AT&T), IBM Corporation (IBM), Microsoft Corporation (Microsoft), Siemens AG (Siemens), Verizon (Verizon), Sierra Wireless (Sierra Wireless), Telefónica S.A. (Telefónica), China Mobile Limited (China Mobile), China Unicom (Hong Kong) Limited (China Unicom), Vodafone (Vodafone), Advantech Co., Ltd. (Advantech), ASOCS (ASOCS), T-Mobile USA, INC (T-Mobile), TELUS (TELUS), Honeywell International Inc. (Honeywell), Intel Corporation (Intel), Bosch.IO GmbH (Bosch.IO), Deutsche Telekom AG (Deutsche Telekom), Telit (Telit), Thales Group (Thales), IDEMIA (IDEMIA), KT Corporation (KT), ABB (ABB), and NTT Data Corporation (NTT Data).",$ 4950,79.10%
"Retail Point of Sale Market by Product (Fixed POS, Mobile POS), Component (Hardware, Software, and Services (eployment & Integration, Support & Maintenance)), End User (Grocery Stores, Specialty Stores, Gas Stations), and Region - Global Forecast to 2026","
February 2021
",/Market-Reports/retail-point-of-sale-pos-market-49453884.html,"The Retail Point of Sale Market is expected to grow from USD 15.8 billion in 2020 to USD 34.4 billion by 2026, at a CAGR of 13.9% during the forecast period. Major vendors in the global Retail POS market include Diebold Nixdorf (US), Ingenico (France), Intuit (US), NCR Corporation (US), SAP (Germany), Verifone (US), PAX Technology (Hong Kong), Square (US), Shopify (Canada), NEC Corporation (Japan), Toshiba Tec Corporation (Japan), Epicor (US), Lightspeed (Canada), Clover (US), Elavon (US), Castels Technology (Taiwan), Newland Payment Technology (China), New POS Technology (China), HP (US), Cegid Grou (France), Posiflex Technology (Taiwan), Centerm (China), Revel System (US), Vend (New Zealand), Zebra Technologies (US).",$ 4950,13.90%
"Virtualized Evolved Packet Core (vEPC) Market by Component (Solutions and Services(Professional and Managed)),Deployment Model (Cloud, On-premises),Network Type(4G and 5G) End User(Telecom operators, Enterprises)and Region - Global Forecast to 2026","
February 2021
",/Market-Reports/virtualized-evolved-packet-core-market-45409339.html,"The Virtualized Evolved Packet Core (vEPC) Market is expected to grow from USD 3.9 billion in 2020 to USD 13.7 billion by 2026, at a CAGR of 22.8% during the forecast period. Key and innovative vendors in the in-building wireless market include Nokia (Finland), Ericsson (Sweden), Cisco(US), Huawei (China), ZTE (China), Samsung (South Korea), Affirmed Networks(US), Mavenir(US), NEC(Japan), Athonet(Italy), Cumcore(Finland), Druid Software(Ireland), IPLook (China), Tech Mahindra (India), Parallel Wireless (US), Polaris Networks (US), Xingtera (US), Lemko (US), Tecore(US), and Telrad Networks (Israel).",$ 4950,22.80%
"Perimeter Security Market by Component (Systems (Perimeter Intrusion Detection, Video Surveillance, Access Control, and Alarms and Notification Systems) and Services (Professional and Managed Services)), Vertical, and Region - Global Forecast to 2026","
February 2021
",/Market-Reports/perimeter-security-market-1311.html,"The perimeter security market is projected to reach USD 96.5 billion by 2026, at a Compound Annual Growth Rate (CAGR) of 7.9% during the forecast period. Major vendors offering Perimeter security software include Honeywell (US), Dahua Technology (China), Bosch Security Systems (Germany), Hikvision (China), Axis Communications (Sweden), Pelco (US), Thales Group (France), Johnson Controls (US), Fiber Sensys (US), Panasonic Corporation (Japan), United Technologies Corporation (US), Gallagher (New Zealand), Avigilon (Canada), Flir Systems (US), Senstar (Canada), Ingersoll Rand (US), Infinova (US), Southwest Microwave (US), Rbtec Perimeter Security Systems (US), Sorhea (France), Puretech Systems (US), Advanced Perimeter Systems (UK), Cias Elettronica (Italy), Sightlogix (US), and Nortek Security & Control (US).",$ 4950,7.90%
"Supply Chain Management Market by Component (Hardware (Barcode and Barcode Scanners and RFID Tags and Readers), Software, and Services), Deployment Mode (Cloud and On-premises), Organization Size, Vertical, and Region - Global Forecast to 2026","
February 2021
",/Market-Reports/supply-chain-management-market-190997554.html,"The Supply Chain Management Market is expected to grow from USD 23.2 billion in 2020 to USD 41.7 billion by 2026, at a CAGR of 10.3% during the forecast period. Major vendors in the global SCM market include SAP SE (Germany), Oracle (US), The Descartes Systems Group (Canada), Infor (US), IBM (US), Manhattan Associates (US), Logility (US), Kinaxis (Canada), Blue Yonder (US), Korber (US), Coupa Software (US), Epicor (US), BluJay Solutions (US), Llamasoft (US), E2open (US), JAGGAER (US), Zycus (US), GEP (US), Tive (US), Calista (Singapore), Most (Sweden), FreightBro (India), 4TiGo (India), Trukky (India), Lobb (India).",$ 4950,10.30%
"Partner Relationship Management Market by Component (Solutions (Engage, Collaborate, and Manage) and Services (managed and training, consulting, and integration)), Deployment Type, Organization Size, Vertical, and Region - Global Forecast to 2026","
February 2021
",/Market-Reports/partner-relationship-management-market-9348944.html,"The Partner Relationship Management Market is expected to grow from USD ?Old? to USD 1,997 million by 2026, at a CAGR of 13.8% during the forecast period. The major players in the PRM market are Allbound (US), Channeltivity (US), Oracle (US), Salesforce (US), Impartner (US), LogicBay (US), Magentrix (Canada), ZINFI Technologies (US), Zift Solutions (US), Mindmatrix (US), PartnerStack (Canada), ChannelXperts (Germany), Creatio (US), AppDirect (US), Webinfinity (US), PartnerPortal.io (Canada), Kiflo (France), Crossbeam (US), Everflow (US), Affise (Lithuania), WorkSpan (US), LeadMethod (US), Sharework (France), Agentcis(Australia), and CoSell (US). The study includes an in-depth competitive analysis of key players in the PRM market with their company profiles, recent developments, COVID-19 developments, and key market strategies.",$ 4950,13.80%
"Customer Success Platforms Market by Component, Application (Sales and Marketing Optimization, Risk and Compliance Management, Reporting and Analytics), Deployment Mode, Organization Size, Vertical, and Region - Global Forecast to 2025","
January 2021
",/Market-Reports/customer-success-platforms-market-140271118.html,"The Customer Success Platforms Market is expected to grow from USD 1.0 billion in 2020 to USD 2.5 billion by 2025, at a CAGR of 20.4% during the forecast period. Key and emerging market players include Salesforce (US), Cisco(US), HubSpot (US), Gainsight (US), Freshworks (US), Totango (US), Amity (Canada), Strikedeck (US), ChurnZero (US), SmartKarrot (US), ClientSuccess (US), Bolstra (US), UserIQ (US), Planhat (Sweden), Salesmachine (US), Catalyst (US), AppsForOps (Australia), Armatic (US), CustomerSuccessBox (US), Clientshare (UK), Wootric (US), ZoomInfo (US), Akita (Ireland), Intercom (US), WalkMe (US), and Custify (Romania).",$ 4950,20.40%
"GNSS Simulators Market by Component Type (Single Channel and Multichannel), GNSS Receiver (GPS, Galileo, GLONASS, and BeiDou), Application (Vehicle Assistance Systems, Location-based Services, and Mapping), Vertical, and Region - Global Forecast to 2025","
January 2021
",/Market-Reports/gnss-simulators-market-72361781.html,"The GNSS Simulators Market is expected to grow from USD 106 million in 2020 to USD 165 million by 2025, at a CAGR of 9.3% during the forecast period. Major vendors in the global GNSS simulators market include Spirent Communications (US), Rohde & Schwarz (Germany), VIAVI Solutions (US), Hexagon (Sweden), Keysight Technologies (US), u-blox (Switzerland), Orolia (US), CAST Navigation (US), Accord Software and System (India), IFEN (Germany), Racelogic (UK), Syntony GNSS (France), Teleorbit (Germany), iP-Solutions (Japan), Pendulum Instruments (Poland), Saluki Technology (Taiwan), Shanghai Huace Navigation Technology Ltd (China), Averna (Canada), GMV NSL (England), Brandywine Communications (US), Jackson Labs Technologies (US), Hunan Shuangln Electronic Technology (China), Work Microwave (Germany), Qascom (Italy), and M3 Systems (France).",$ 4950, 9.3%
"Railway Management System Market by Solution (Rail Asset Management, Track Monitoring, Revenue Management, Intelligent Signaling System, Route Planning & Scheduling, PTC, CBTC, PIS, Security & Analytics), Service, and Region - Global Forecast to 2025","
January 2021
",/Market-Reports/railway-management-system-market-193193339.html,"The global railway management system market size is expected to reach USD 61.9 billion by 2025, at a Compound Annual Growth Rate (CAGR) of 8.7% during the forecast period. Major vendors in the rail asset management market include Siemens (Germany), Cisco (US), Alstom (France), Hitachi (Japan), Wabtec (US), Trimble (US), Atkins (UK), Uptake (US), Accenture (Ireland), Capgemini (France), Amadeus (Spain), Advantech (Waiwan), Thales Group (France), Eurotech (Italy), and Frequentis (Austria).",$ 4950,8.70%
"Data Discovery Market by Component, Functionality, Organization Size, Deployment Mode, Application, Vertical (BFSI, Healthcare and Life Sciences, Telecommunications and IT, Manufacturing), and Region - Global Forecast to 2025","
January 2021
",/Market-Reports/data-discovery-market-132252132.html,"The Data Discovery Market is expected to grow from USD 7.0 billion in 2020 to USD 14.4 billion by 2025, at a CAGR of 15.6% during the forecast period. Major vendors in the global data discovery market include IBM (US), Microsoft (US), Oracle (US), Salesforce (US), SAS Institute (US), Google (US), AWS (US), Micro Focus (UK), MicroStrategy (US), Cloudera (US), PKWARE (US), Alteryx (US), Thales (France), Spirion (US), Egnyte (US), Netwrix (US), Varonis (US), Digital Guardian (US), Nightfall (US), Securiti (US), DataGrail (US), Dathena (Singapore), BigID (US), Explorium (US), 1touch.io (US), Congruity360 (US), and Concentric (US).",$ 4950,15.60%
"Casino Management Systems Market by Component (Solutions and Services), Application (Accounting, Security and Surveillance, Player Tracking, Hotel and Hospitality, Analytics, and Digital Content Management), End User, and Region - Global Forecast to 2025","
January 2021
",/Market-Reports/casino-management-system-market-1021.html,"The Casino Management Systems Market is expected to grow from USD 6.4 billion in 2020 to USD 13.7 billion by 2025, at a CAGR of 16.4% during the forecast period. Major vendors offering casino management system software include Novomatic (Austria), Konami Gaming (Japan), Agilysys (US), Scientific Games (US), Oracle (US), Winsystems (Spain), Panasonic (Japan), Ensico Gaming (Slovenia), Apex Pro Gaming (Czechia), Amatic Industries (Austria), Honeywell (US), Dallmeier (Germany), HCL (India), Playtech (UK), Cyrun (US), IGT (UK), LGS (US), Wavestore (UK), Tangam Systems (US), Advansys (Slovenia), Avigilon (Canada), Casinfo Systems (US), RNGplay (India), FunFair (Ireland), Gaming Analytics (US), Delta Casino Systems (US), DAObet (Singapore), CasinoFlex Systems (Bulgaria), Omnigo (US), NtechLab (Russia), Nelysis (US), and Bateleur Systems (India).",$ 4950,16.40%
"A2P Messaging Market by Component (Platform and A2P Service), Application (Authentication, Promotional and Marketing, and CRM), Deployment Mode, SMS Traffic (National and Multi-Country), End User, and Region - Global Forecast to 2025","
January 2021
",/Market-Reports/premium-sms-44.html,"The A2P Messaging Market is expected to grow from USD 62.1 billion in 2020 to USD 72.8 billion by 2025, at a CAGR of 3.2% during the forecast period. Major vendors in the A2P messaging market include AT&T(US) ,Sinch(Sweden), China Mobile (China), Infobip(UK), Orange (France), Route Mobile (India), Comviva (India), Twilio(US), BICS (Belgium), Monty Mobile (UK), Syniverse (US), Global Message Services (Switzerland), Tyntec(UK), Silverstreet (Singapore),Vonage (US), Genesys (US), TATA Communications(India),Cequens (Egypt),Mitto(Switzerland),ClearSky Technologies (US), Sify Technologies (India), MSG91 (India), Textlocal (UK), Clickatell (US), Kaleyra (Italy), MessageBird (The Netherlands).",$ 4950,3.20%
"5G Core Market by Component (Solutions and Services), Network Function (Access and Mobility Management Function, Policy Control Function, Unified Data Management), Deployment Model (Cloud and On-premises), End User, and Region - Global Forecast to 2025","
January 2021
",/Market-Reports/5g-core-market-136573849.html,"The global 5G core market size is projected to reach USD 9,497 million by 2025, at a Compound Annual Growth Rate (CAGR) of 72.0% during the forecast period. Key and innovative vendors in the in-building wireless market include Nokia (Finland), Ericsson (Sweden), Huawei (China), ZTE (China), Samsung (South Korea), Affirmed Networks(US), Mavenir(US), NEC(Japan), Cisco(US), HPE(US), Oracle(US), Athonet(Italy), Casa Systems(US), Cumucore(Finland), Druid Software(Ireland), IPLOOK (China), and Metaswitch(UK). ",$ 5650,72.00%
"Product Information Management (PIM) Market by Component (Solutions and Services), Solution (Multi-mode, and Single-mode), Deployment Type (On-premises and Cloud), Organization Size, Vertical, and Region - Global Forecast to 2025","
December 2020
",/Market-Reports/product-information-management-market-661489.html,"The Product Information Management (PIM) Market is expected to grow from USD 9.0 billion in 2020 to USD 16.0 billion by 2025, at a CAGR of 12.2% during the forecast period. Some prominent players across all service types profiled in the PIM market study include Oracle (US), SAP (US), IBM (US), Informatica (US), Pimcore (Austria), Akeneo (France), Inriver (Sweden), Winshuttle (US), Riversand (US), Salsify (US), Aprimo (US), Stibo Systems (Denmark), Contentserv (Switzerland), Mobius (India), Perfion (Denmark), Profisee (US), Censhare (Germany), Vinculum (India), Pimworks (US), Truecommerce (US), Vimedici (Germany), Magnitude Software (US), Plytix (Denmark) and Syndigo (US).",$ 4950,12.20%
